-- `fundraise`.`USER`
INSERT INTO `fundraise`.`USER` (EMAIL_ID, PASSWORD, FIRST_NAME, LAST_NAME, ADDRESS_LINE_1, ADDRESS_LINE_2, CITY, STATE, COUNTRY, ZIPCODE, PHONE, INTEREST, PHOTO) VALUES ('tbanks0@state.tx.us', '123123', 'Tammy', 'Banks', '65 Fisk Street', '4307 Marcy Court', 'Myrtle Beach', 'South Carolina', 'United States', '29579', '8438087013', 'Music', NULL);
INSERT INTO `fundraise`.`USER` (EMAIL_ID, PASSWORD, FIRST_NAME, LAST_NAME, ADDRESS_LINE_1, ADDRESS_LINE_2, CITY, STATE, COUNTRY, ZIPCODE, PHONE, INTEREST, PHOTO) VALUES ('clarson1@blog.com', '123123', 'Carol', 'Larson', '5158 Brickson Park Lane', '11 Utah Parkway', 'Los Angeles', 'California', 'United States', '90065', '8186489925', 'Music', NULL);
INSERT INTO `fundraise`.`USER` (EMAIL_ID, PASSWORD, FIRST_NAME, LAST_NAME, ADDRESS_LINE_1, ADDRESS_LINE_2, CITY, STATE, COUNTRY, ZIPCODE, PHONE, INTEREST, PHOTO) VALUES ('psullivan2@nyu.edu', '123123', 'Patricia', 'Sullivan', '861 6th Circle', '2550 4th Point', 'Wilkes Barre', 'Pennsylvania', 'United States', '18768', '5708292805', 'Music', NULL);
INSERT INTO `fundraise`.`USER` (EMAIL_ID, PASSWORD, FIRST_NAME, LAST_NAME, ADDRESS_LINE_1, ADDRESS_LINE_2, CITY, STATE, COUNTRY, ZIPCODE, PHONE, INTEREST, PHOTO) VALUES ('jwashington3@yahoo.co.jp', '123123', 'Justin', 'Washington', '19137 Thackeray Avenue', '906 Kingsford Place', 'Albany', 'New York', 'United States', '12237', '5187112473', 'Dance', NULL);
INSERT INTO `fundraise`.`USER` (EMAIL_ID, PASSWORD, FIRST_NAME, LAST_NAME, ADDRESS_LINE_1, ADDRESS_LINE_2, CITY, STATE, COUNTRY, ZIPCODE, PHONE, INTEREST, PHOTO) VALUES ('tramos4@home.pl', '123123', 'Theresa', 'Ramos', '81676 Birchwood Circle', '142 Buena Vista Way', 'Miami', 'Florida', 'United States', '33142', '3054718157','Music', NULL);
INSERT INTO `fundraise`.`USER` (EMAIL_ID, PASSWORD, FIRST_NAME, LAST_NAME, ADDRESS_LINE_1, ADDRESS_LINE_2, CITY, STATE, COUNTRY, ZIPCODE, PHONE, INTEREST, PHOTO) VALUES ('rfowler5@economist.com', '123123', 'Robert', 'Fowler', '23223 Ridge Oak Street', '98 Kinsman Drive', 'Tucson', 'Arizona', 'United States', '85732', '5208270487','Jazz', NULL);
INSERT INTO `fundraise`.`USER` (EMAIL_ID, PASSWORD, FIRST_NAME, LAST_NAME, ADDRESS_LINE_1, ADDRESS_LINE_2, CITY, STATE, COUNTRY, ZIPCODE, PHONE, INTEREST, PHOTO) VALUES ('lhunt6@zimbio.com', '123123', 'Larry', 'Hunt', '51 Jackson Circle', '328 Dexter Road', 'Miami', 'Florida', 'United States', '33158', '3051800242', 'Music', NULL);
INSERT INTO `fundraise`.`USER` (EMAIL_ID, PASSWORD, FIRST_NAME, LAST_NAME, ADDRESS_LINE_1, ADDRESS_LINE_2, CITY, STATE, COUNTRY, ZIPCODE, PHONE, INTEREST, PHOTO) VALUES ('jevans7@purevolume.com', '123123', 'Jose', 'Evans', '28 Gulseth Avenue', '90164 Old Gate Junction', 'Saint Paul', 'Minnesota', 'United States', '55166', '6512423388', 'Music', NULL);
INSERT INTO `fundraise`.`USER` (EMAIL_ID, PASSWORD, FIRST_NAME, LAST_NAME, ADDRESS_LINE_1, ADDRESS_LINE_2, CITY, STATE, COUNTRY, ZIPCODE, PHONE, INTEREST, PHOTO) VALUES ('lscott8@theatlantic.com', '123123', 'Louise', 'Scott', '38502 Meadow Ridge Plaza', '50 Riverside Road', 'Staten Island', 'New York', 'United States', '10305', '7183500421', 'Music', NULL);
INSERT INTO `fundraise`.`USER` (EMAIL_ID, PASSWORD, FIRST_NAME, LAST_NAME, ADDRESS_LINE_1, ADDRESS_LINE_2, CITY, STATE, COUNTRY, ZIPCODE, PHONE, INTEREST, PHOTO) VALUES ('jchapman9@wiley.com', '123123', 'John', 'Chapman', '4 Warbler Way', '35269 Miller Trail', 'Dallas', 'Texas', 'United States', '75260', '2147508788', 'Music', NULL);

-- CREDIT CARD
insert into `fundraise`.`CREDIT_CARD` (CREDIT_CARD_NUMBER, CVV, EXPIRATION_MONTH, EXPIRATION_YEAR, EMAIL_ID) values ('6391547898841279', '123', '03', '03', 'tbanks0@state.tx.us');
insert into `fundraise`.`CREDIT_CARD` (CREDIT_CARD_NUMBER, CVV, EXPIRATION_MONTH, EXPIRATION_YEAR, EMAIL_ID) values ('6304480568368522', '123', '03', '03', 'clarson1@blog.com');
insert into `fundraise`.`CREDIT_CARD` (CREDIT_CARD_NUMBER, CVV, EXPIRATION_MONTH, EXPIRATION_YEAR, EMAIL_ID) values ('3583439179241483', '699', '03', '03', 'psullivan2@nyu.edu');
insert into `fundraise`.`CREDIT_CARD` (CREDIT_CARD_NUMBER, CVV, EXPIRATION_MONTH, EXPIRATION_YEAR, EMAIL_ID) values ('6304905032241132', '123', '03', '03', 'jwashington3@yahoo.co.jp');
insert into `fundraise`.`CREDIT_CARD` (CREDIT_CARD_NUMBER, CVV, EXPIRATION_MONTH, EXPIRATION_YEAR, EMAIL_ID) values ('3529562452667533', '310', '03', '03', 'tramos4@home.pl');
insert into `fundraise`.`CREDIT_CARD` (CREDIT_CARD_NUMBER, CVV, EXPIRATION_MONTH, EXPIRATION_YEAR, EMAIL_ID) values ('3583671802755774', '123', '03', '03', 'rfowler5@economist.com');
insert into `fundraise`.`CREDIT_CARD` (CREDIT_CARD_NUMBER, CVV, EXPIRATION_MONTH, EXPIRATION_YEAR, EMAIL_ID) values ('3537795926850430', '123', '03', '03', 'lhunt6@zimbio.com');
insert into `fundraise`.`CREDIT_CARD` (CREDIT_CARD_NUMBER, CVV, EXPIRATION_MONTH, EXPIRATION_YEAR, EMAIL_ID) values ('3560389050897720', '920', '03', '03', 'jevans7@purevolume.com');
insert into `fundraise`.`CREDIT_CARD` (CREDIT_CARD_NUMBER, CVV, EXPIRATION_MONTH, EXPIRATION_YEAR, EMAIL_ID) values ('3547797946299968', '656', '03', '03', 'lscott8@theatlantic.com');
insert into `fundraise`.`CREDIT_CARD` (CREDIT_CARD_NUMBER, CVV, EXPIRATION_MONTH, EXPIRATION_YEAR, EMAIL_ID) values ('4041596507359966', '123', '03', '03', 'jchapman9@wiley.com');

-- FOLLOWER
insert into `fundraise`.`FOLLOWER` (FOLLOWER_EMAIL_ID, FOLLOWED_EMAIL_ID, FOLLOW_START_DATETIME, FOLLOW_END_DATETIME) values ('tbanks0@state.tx.us', 'psullivan2@nyu.edu',NOW(), NULL);
insert into `fundraise`.`FOLLOWER` (FOLLOWER_EMAIL_ID, FOLLOWED_EMAIL_ID, FOLLOW_START_DATETIME, FOLLOW_END_DATETIME) values ('tbanks0@state.tx.us', 'clarson1@blog.com', NOW(), NULL);
insert into `fundraise`.`FOLLOWER` (FOLLOWER_EMAIL_ID, FOLLOWED_EMAIL_ID, FOLLOW_START_DATETIME, FOLLOW_END_DATETIME) values ('tbanks0@state.tx.us', 'jwashington3@yahoo.co.jp', NOW(), NULL);
insert into `fundraise`.`FOLLOWER` (FOLLOWER_EMAIL_ID, FOLLOWED_EMAIL_ID, FOLLOW_START_DATETIME, FOLLOW_END_DATETIME) values ('tbanks0@state.tx.us', 'tramos4@home.pl', NOW(), NULL);
insert into `fundraise`.`FOLLOWER` (FOLLOWER_EMAIL_ID, FOLLOWED_EMAIL_ID, FOLLOW_START_DATETIME, FOLLOW_END_DATETIME) values ('clarson1@blog.com', 'tramos4@home.pl', NOW(), NULL);
insert into `fundraise`.`FOLLOWER` (FOLLOWER_EMAIL_ID, FOLLOWED_EMAIL_ID, FOLLOW_START_DATETIME, FOLLOW_END_DATETIME) values ('clarson1@blog.com', 'rfowler5@economist.com', NOW(), NULL);
insert into `fundraise`.`FOLLOWER` (FOLLOWER_EMAIL_ID, FOLLOWED_EMAIL_ID, FOLLOW_START_DATETIME, FOLLOW_END_DATETIME) values ('clarson1@blog.com', 'lhunt6@zimbio.com', NOW(), NULL);
insert into `fundraise`.`FOLLOWER` (FOLLOWER_EMAIL_ID, FOLLOWED_EMAIL_ID, FOLLOW_START_DATETIME, FOLLOW_END_DATETIME) values ('clarson1@blog.com', 'jevans7@purevolume.com', NOW(), NULL);
insert into `fundraise`.`FOLLOWER` (FOLLOWER_EMAIL_ID, FOLLOWED_EMAIL_ID, FOLLOW_START_DATETIME, FOLLOW_END_DATETIME) values ('psullivan2@nyu.edu', 'lscott8@theatlantic.com', NOW(), NULL);
insert into `fundraise`.`FOLLOWER` (FOLLOWER_EMAIL_ID, FOLLOWED_EMAIL_ID, FOLLOW_START_DATETIME, FOLLOW_END_DATETIME) values ('psullivan2@nyu.edu', 'jchapman9@wiley.com', NOW(), NULL);
insert into `fundraise`.`FOLLOWER` (FOLLOWER_EMAIL_ID, FOLLOWED_EMAIL_ID, FOLLOW_START_DATETIME, FOLLOW_END_DATETIME) values ('psullivan2@nyu.edu', 'tramos4@home.pl', NOW(), NULL);
insert into `fundraise`.`FOLLOWER` (FOLLOWER_EMAIL_ID, FOLLOWED_EMAIL_ID, FOLLOW_START_DATETIME, FOLLOW_END_DATETIME) values ('psullivan2@nyu.edu', 'tbanks0@state.tx.us', NOW(), NULL);
insert into `fundraise`.`FOLLOWER` (FOLLOWER_EMAIL_ID, FOLLOWED_EMAIL_ID, FOLLOW_START_DATETIME, FOLLOW_END_DATETIME) values ('psullivan2@nyu.edu', 'lhunt6@zimbio.com', NOW(), NULL);
insert into `fundraise`.`FOLLOWER` (FOLLOWER_EMAIL_ID, FOLLOWED_EMAIL_ID, FOLLOW_START_DATETIME, FOLLOW_END_DATETIME) values ('jwashington3@yahoo.co.jp', 'tbanks0@state.tx.us', NOW(), NULL);
insert into `fundraise`.`FOLLOWER` (FOLLOWER_EMAIL_ID, FOLLOWED_EMAIL_ID, FOLLOW_START_DATETIME, FOLLOW_END_DATETIME) values ('jwashington3@yahoo.co.jp', 'jevans7@purevolume.com', NOW(), NULL);
insert into `fundraise`.`FOLLOWER` (FOLLOWER_EMAIL_ID, FOLLOWED_EMAIL_ID, FOLLOW_START_DATETIME, FOLLOW_END_DATETIME) values ('jwashington3@yahoo.co.jp', 'jchapman9@wiley.com', NOW(), NULL);
insert into `fundraise`.`FOLLOWER` (FOLLOWER_EMAIL_ID, FOLLOWED_EMAIL_ID, FOLLOW_START_DATETIME, FOLLOW_END_DATETIME) values ('jwashington3@yahoo.co.jp', 'clarson1@blog.com', NOW(), NULL);
insert into `fundraise`.`FOLLOWER` (FOLLOWER_EMAIL_ID, FOLLOWED_EMAIL_ID, FOLLOW_START_DATETIME, FOLLOW_END_DATETIME) values ('jevans7@purevolume.com', 'jchapman9@wiley.com', NOW(), NULL);
insert into `fundraise`.`FOLLOWER` (FOLLOWER_EMAIL_ID, FOLLOWED_EMAIL_ID, FOLLOW_START_DATETIME, FOLLOW_END_DATETIME) values ('jevans7@purevolume.com', 'tbanks0@state.tx.us', NOW(), NULL);


-- CATEGORY
insert into `fundraise`.`CATEGORY` (NAME, DESCRIPTION) values ('Jazz', 'All Music');
insert into `fundraise`.`CATEGORY` (NAME, DESCRIPTION) values ('Drama', 'All Drama');
insert into `fundraise`.`CATEGORY` (NAME, DESCRIPTION) values ('Heathcare', 'We Care');
insert into `fundraise`.`CATEGORY` (NAME, DESCRIPTION) values ('Love', 'Spread it');
insert into `fundraise`.`CATEGORY` (NAME, DESCRIPTION) values ('Dance', 'All Dance');
insert into `fundraise`.`CATEGORY` (NAME, DESCRIPTION) values ('Food', 'All Food');
insert into `fundraise`.`CATEGORY` (NAME, DESCRIPTION) values ('Sports', 'All Sports');
insert into `fundraise`.`CATEGORY` (NAME, DESCRIPTION) values ('NGO', 'All NGO');
insert into `fundraise`.`CATEGORY` (NAME, DESCRIPTION) values ('Technology', 'All Technology');
insert into `fundraise`.`CATEGORY` (NAME, DESCRIPTION) values ('Environment', 'All Environment');

-- PROJECT
insert into `fundraise`.`PROJECT` (PROJECT_TITLE, DESCRIPTION, DATE_TIME_CREATED, START_DATE, COMPLETION_DATE, PLANNED_COMPLETION_DATE, STATUS, PHOTO, VIDEO) values ('Metallica Jazz', 'Music Band', NOW(), '2017-05-11', NULL, '2017-05-31', 'CAMPAIGNING', NULL, NULL);
insert into `fundraise`.`PROJECT` (PROJECT_TITLE, DESCRIPTION, DATE_TIME_CREATED, START_DATE, COMPLETION_DATE, PLANNED_COMPLETION_DATE, STATUS, PHOTO, VIDEO) values ('MicBusters', 'Dance Group', NOW(), '2017-05-12', NULL, '2017-05-31', 'CAMPAIGNING', NULL, NULL);
insert into `fundraise`.`PROJECT` (PROJECT_TITLE, DESCRIPTION, DATE_TIME_CREATED, START_DATE, COMPLETION_DATE, PLANNED_COMPLETION_DATE, STATUS, PHOTO, VIDEO) values ('Bhangra', 'Dance Group', NOW(), '2017-05-13', NULL, '2017-05-31', 'CAMPAIGNING', NULL, NULL);
insert into `fundraise`.`PROJECT` (PROJECT_TITLE, DESCRIPTION, DATE_TIME_CREATED, START_DATE, COMPLETION_DATE, PLANNED_COMPLETION_DATE, STATUS, PHOTO, VIDEO) values ('MJ Fans', 'Hip Pop', NOW(), '2017-05-14', NULL, '2017-05-31', 'CAMPAIGNING', NULL, NULL);
insert into `fundraise`.`PROJECT` (PROJECT_TITLE, DESCRIPTION, DATE_TIME_CREATED, START_DATE, COMPLETION_DATE, PLANNED_COMPLETION_DATE, STATUS, PHOTO, VIDEO) values ('Insignia Jazz', 'Dance Group', NOW(), '2017-05-11', NULL, '2017-05-31', 'CAMPAIGNING', NULL, NULL);
insert into `fundraise`.`PROJECT` (PROJECT_TITLE, DESCRIPTION, DATE_TIME_CREATED, START_DATE, COMPLETION_DATE, PLANNED_COMPLETION_DATE, STATUS, PHOTO, VIDEO) values ('London Jazz', 'Jazz', NOW(), '2017-05-12', NULL, '2017-05-31', 'CAMPAIGNING', NULL, NULL);
insert into `fundraise`.`PROJECT` (PROJECT_TITLE, DESCRIPTION, DATE_TIME_CREATED, START_DATE, COMPLETION_DATE, PLANNED_COMPLETION_DATE, STATUS, PHOTO, VIDEO) values ('Shakespeare Lovers', 'Drama', NOW(), '2017-05-13', NULL, '2017-05-31', 'CAMPAIGNING', NULL, NULL);
insert into `fundraise`.`PROJECT` (PROJECT_TITLE, DESCRIPTION, DATE_TIME_CREATED, START_DATE, COMPLETION_DATE, PLANNED_COMPLETION_DATE, STATUS, PHOTO, VIDEO) values ('All Stars', 'Music Band', NOW(), '2017-05-14', NULL, '2017-05-31', 'CAMPAIGNING', NULL, NULL);

--
insert into `fundraise`.`PROJECT` (PROJECT_TITLE, DESCRIPTION, DATE_TIME_CREATED, START_DATE, COMPLETION_DATE, PLANNED_COMPLETION_DATE, STATUS, PHOTO, VIDEO) values ('JE Proj 1', 'Dance Group', NOW(), '2017-05-11', NULL, '2017-05-31', 'CAMPAIGNING', NULL, NULL);
insert into `fundraise`.`PROJECT` (PROJECT_TITLE, DESCRIPTION, DATE_TIME_CREATED, START_DATE, COMPLETION_DATE, PLANNED_COMPLETION_DATE, STATUS, PHOTO, VIDEO) values ('JE Proj 2', 'Dance Group', NOW(), '2017-05-12', NULL, '2017-05-31', 'CAMPAIGNING', NULL, NULL);
insert into `fundraise`.`PROJECT` (PROJECT_TITLE, DESCRIPTION, DATE_TIME_CREATED, START_DATE, COMPLETION_DATE, PLANNED_COMPLETION_DATE, STATUS, PHOTO, VIDEO) values ('JE Proj 3', 'Dance Group', NOW(), '2017-03-13', NULL, '2017-05-31', 'CAMPAIGNING', NULL, NULL);

--
insert into `fundraise`.`PROJECT` (PROJECT_TITLE, DESCRIPTION, DATE_TIME_CREATED, START_DATE, COMPLETION_DATE, PLANNED_COMPLETION_DATE, STATUS, PHOTO, VIDEO) values ('TR Proj 1', 'Music Group', NOW(), '2017-05-14', NULL, '2017-05-31', 'CAMPAIGNING', NULL, NULL);
insert into `fundraise`.`PROJECT` (PROJECT_TITLE, DESCRIPTION, DATE_TIME_CREATED, START_DATE, COMPLETION_DATE, PLANNED_COMPLETION_DATE, STATUS, PHOTO, VIDEO) values ('TR Proj 2', 'Music Group', NOW(), '2017-05-11', NULL, '2017-05-31', 'CAMPAIGNING', NULL, NULL);
insert into `fundraise`.`PROJECT` (PROJECT_TITLE, DESCRIPTION, DATE_TIME_CREATED, START_DATE, COMPLETION_DATE, PLANNED_COMPLETION_DATE, STATUS, PHOTO, VIDEO) values ('TR Proj 3', 'Music Group', NOW(), '2017-05-12', NULL, '2017-05-31', 'CAMPAIGNING', NULL, NULL);



-- PROJECT CATEGORY
insert into `fundraise`.`PROJECT_CATEGORY` (PROJECT_ID, CATEGORY_ID) values (1, 1);
insert into `fundraise`.`PROJECT_CATEGORY` (PROJECT_ID, CATEGORY_ID) values (2, 5);
insert into `fundraise`.`PROJECT_CATEGORY` (PROJECT_ID, CATEGORY_ID) values (3, 5);
insert into `fundraise`.`PROJECT_CATEGORY` (PROJECT_ID, CATEGORY_ID) values (4, 2);
insert into `fundraise`.`PROJECT_CATEGORY` (PROJECT_ID, CATEGORY_ID) values (5, 5);
insert into `fundraise`.`PROJECT_CATEGORY` (PROJECT_ID, CATEGORY_ID) values (6, 1);
insert into `fundraise`.`PROJECT_CATEGORY` (PROJECT_ID, CATEGORY_ID) values (7, 3);
insert into `fundraise`.`PROJECT_CATEGORY` (PROJECT_ID, CATEGORY_ID) values (8, 1);
--
insert into `fundraise`.`PROJECT_CATEGORY` (PROJECT_ID, CATEGORY_ID) values (9, 6);
insert into `fundraise`.`PROJECT_CATEGORY` (PROJECT_ID, CATEGORY_ID) values (10, 7);
insert into `fundraise`.`PROJECT_CATEGORY` (PROJECT_ID, CATEGORY_ID) values (11, 8);
--
insert into `fundraise`.`PROJECT_CATEGORY` (PROJECT_ID, CATEGORY_ID) values (12, 9);
insert into `fundraise`.`PROJECT_CATEGORY` (PROJECT_ID, CATEGORY_ID) values (13, 10);
insert into `fundraise`.`PROJECT_CATEGORY` (PROJECT_ID, CATEGORY_ID) values (14, 5);

-- PROJECT CAMPAIGN
insert into `fundraise`.`PROJECT_CAMPAIGN` (PROJECT_ID, FUND_START_DATE, FUND_END_DATE, MAX_FUND_GOAL, MIN_FUND_GOAL, STATUS) values (1, '2017-05-01', '2017-05-11', '8000.00', '500.00','COMPLETED');
insert into `fundraise`.`PROJECT_CAMPAIGN` (PROJECT_ID, FUND_START_DATE, FUND_END_DATE, MAX_FUND_GOAL, MIN_FUND_GOAL, STATUS) values (2, '2017-05-01', '2017-05-12', '8000.00', '500.00','IN_PROGRESS');
insert into `fundraise`.`PROJECT_CAMPAIGN` (PROJECT_ID, FUND_START_DATE, FUND_END_DATE, MAX_FUND_GOAL, MIN_FUND_GOAL, STATUS) values (3, '2017-05-01', '2017-05-13', '8000.00', '500.00','IN_PROGRESS');
insert into `fundraise`.`PROJECT_CAMPAIGN` (PROJECT_ID, FUND_START_DATE, FUND_END_DATE, MAX_FUND_GOAL, MIN_FUND_GOAL, STATUS) values (4, '2017-05-01', '2017-05-14', '8000.00', '500.00','IN_PROGRESS');
insert into `fundraise`.`PROJECT_CAMPAIGN` (PROJECT_ID, FUND_START_DATE, FUND_END_DATE, MAX_FUND_GOAL, MIN_FUND_GOAL, STATUS) values (5, '2017-05-01', '2017-05-11', '8000.00', '500.00','COMPLETED');
insert into `fundraise`.`PROJECT_CAMPAIGN` (PROJECT_ID, FUND_START_DATE, FUND_END_DATE, MAX_FUND_GOAL, MIN_FUND_GOAL, STATUS) values (6, '2017-05-01', '2017-05-12', '8000.00', '500.00','IN_PROGRESS');
insert into `fundraise`.`PROJECT_CAMPAIGN` (PROJECT_ID, FUND_START_DATE, FUND_END_DATE, MAX_FUND_GOAL, MIN_FUND_GOAL, STATUS) values (7, '2017-05-01', '2017-05-13', '8000.00', '500.00','IN_PROGRESS');
insert into `fundraise`.`PROJECT_CAMPAIGN` (PROJECT_ID, FUND_START_DATE, FUND_END_DATE, MAX_FUND_GOAL, MIN_FUND_GOAL, STATUS) values (8, '2017-05-01', '2017-05-14', '8000.00', '500.00','IN_PROGRESS');

insert into `fundraise`.`PROJECT_CAMPAIGN` (PROJECT_ID, FUND_START_DATE, FUND_END_DATE, MAX_FUND_GOAL, MIN_FUND_GOAL, STATUS) values (9, '2017-05-01', '2017-05-11', '8000.00', '500.00','COMPLETED');
insert into `fundraise`.`PROJECT_CAMPAIGN` (PROJECT_ID, FUND_START_DATE, FUND_END_DATE, MAX_FUND_GOAL, MIN_FUND_GOAL, STATUS) values (10, '2017-05-01', '2017-05-12', '8000.00', '500.00','IN_PROGRESS');
insert into `fundraise`.`PROJECT_CAMPAIGN` (PROJECT_ID, FUND_START_DATE, FUND_END_DATE, MAX_FUND_GOAL, MIN_FUND_GOAL, STATUS) values (11, '2017-05-01', '2017-05-13', '8000.00', '500.00','IN_PROGRESS');

insert into `fundraise`.`PROJECT_CAMPAIGN` (PROJECT_ID, FUND_START_DATE, FUND_END_DATE, MAX_FUND_GOAL, MIN_FUND_GOAL, STATUS) values (12, '2017-05-01', '2017-05-14', '8000.00', '500.00','IN_PROGRESS');
insert into `fundraise`.`PROJECT_CAMPAIGN` (PROJECT_ID, FUND_START_DATE, FUND_END_DATE, MAX_FUND_GOAL, MIN_FUND_GOAL, STATUS) values (13, '2017-05-01', '2017-05-11', '8000.00', '500.00','COMPLETED');
insert into `fundraise`.`PROJECT_CAMPAIGN` (PROJECT_ID, FUND_START_DATE, FUND_END_DATE, MAX_FUND_GOAL, MIN_FUND_GOAL, STATUS) values (14, '2017-05-01', '2017-05-12', '8000.00', '500.00','IN_PROGRESS');

-- PROJECT_OWNERSHIP
insert into `fundraise`.`PROJECT_OWNERSHIP`(PROJECT_ID, EMAIL_ID) values ('1','clarson1@blog.com');
insert into `fundraise`.`PROJECT_OWNERSHIP`(PROJECT_ID, EMAIL_ID) values ('2','jchapman9@wiley.com');
insert into `fundraise`.`PROJECT_OWNERSHIP`(PROJECT_ID, EMAIL_ID) values ('3','jevans7@purevolume.com');
insert into `fundraise`.`PROJECT_OWNERSHIP`(PROJECT_ID, EMAIL_ID) values ('4','jwashington3@yahoo.co.jp');
insert into `fundraise`.`PROJECT_OWNERSHIP`(PROJECT_ID, EMAIL_ID) values ('5','lhunt6@zimbio.com');
insert into `fundraise`.`PROJECT_OWNERSHIP`(PROJECT_ID, EMAIL_ID) values ('6','clarson1@blog.com');
insert into `fundraise`.`PROJECT_OWNERSHIP`(PROJECT_ID, EMAIL_ID) values ('7','jchapman9@wiley.com');
insert into `fundraise`.`PROJECT_OWNERSHIP`(PROJECT_ID, EMAIL_ID) values ('8','tramos4@home.pl');
--
insert into `fundraise`.`PROJECT_OWNERSHIP`(PROJECT_ID, EMAIL_ID) values ('9','jevans7@purevolume.com');
insert into `fundraise`.`PROJECT_OWNERSHIP`(PROJECT_ID, EMAIL_ID) values ('10','jevans7@purevolume.com');
insert into `fundraise`.`PROJECT_OWNERSHIP`(PROJECT_ID, EMAIL_ID) values ('11','jevans7@purevolume.com');
--
insert into `fundraise`.`PROJECT_OWNERSHIP`(PROJECT_ID, EMAIL_ID) values ('12','tramos4@home.pl');
insert into `fundraise`.`PROJECT_OWNERSHIP`(PROJECT_ID, EMAIL_ID) values ('13','tramos4@home.pl');
insert into `fundraise`.`PROJECT_OWNERSHIP`(PROJECT_ID, EMAIL_ID) values ('14','tramos4@home.pl');

-- FUNDS
insert into `fundraise`.`FUNDS`(PROJECT_ID, EMAIL_ID, PLEDGED_MONEY, DATETIME_PLEDGED, TRANSACTION_DATETIME) VALUES ('1','jchapman9@wiley.com','4500','2017-05-03 12:00:01',NULL);
insert into `fundraise`.`FUNDS`(PROJECT_ID, EMAIL_ID, PLEDGED_MONEY, DATETIME_PLEDGED, TRANSACTION_DATETIME) VALUES ('2','clarson1@blog.com','100','2017-05-04 12:00:02',NULL );
insert into `fundraise`.`FUNDS`(PROJECT_ID, EMAIL_ID, PLEDGED_MONEY, DATETIME_PLEDGED, TRANSACTION_DATETIME) VALUES ('3','clarson1@blog.com','5000','2017-05-05 12:00:03',NULL);
insert into `fundraise`.`FUNDS`(PROJECT_ID, EMAIL_ID, PLEDGED_MONEY, DATETIME_PLEDGED, TRANSACTION_DATETIME) VALUES ('4','clarson1@blog.com','4300','2017-05-06 12:00:04',NULL);
insert into `fundraise`.`FUNDS`(PROJECT_ID, EMAIL_ID, PLEDGED_MONEY, DATETIME_PLEDGED, TRANSACTION_DATETIME) VALUES ('5','lscott8@theatlantic.com','4100','2017-05-07 12:00:04',NULL);
insert into `fundraise`.`FUNDS`(PROJECT_ID, EMAIL_ID, PLEDGED_MONEY, DATETIME_PLEDGED, TRANSACTION_DATETIME) VALUES ('6','lscott8@theatlantic.com','100','2017-05-08 12:00:05',NULL);
insert into `fundraise`.`FUNDS`(PROJECT_ID, EMAIL_ID, PLEDGED_MONEY, DATETIME_PLEDGED, TRANSACTION_DATETIME) VALUES ('7','lscott8@theatlantic.com','4400','2017-05-09 12:00:06',NULL);
insert into `fundraise`.`FUNDS`(PROJECT_ID, EMAIL_ID, PLEDGED_MONEY, DATETIME_PLEDGED, TRANSACTION_DATETIME) VALUES ('8','lscott8@theatlantic.com','4600','2017-05-10 12:00:07',NULL);
insert into `fundraise`.`FUNDS`(PROJECT_ID, EMAIL_ID, PLEDGED_MONEY, DATETIME_PLEDGED, TRANSACTION_DATETIME) VALUES ('9','jevans7@purevolume.com','4700','2017-05-01 12:00:08',NULL);
insert into `fundraise`.`FUNDS`(PROJECT_ID, EMAIL_ID, PLEDGED_MONEY, DATETIME_PLEDGED, TRANSACTION_DATETIME) VALUES ('10','jevans7@purevolume.com','100','2017-05-02 12:00:09',NULL);
insert into `fundraise`.`FUNDS`(PROJECT_ID, EMAIL_ID, PLEDGED_MONEY, DATETIME_PLEDGED, TRANSACTION_DATETIME) VALUES ('11','jchapman9@wiley.com','4800','2017-05-03 12:00:10',NULL);
insert into `fundraise`.`FUNDS`(PROJECT_ID, EMAIL_ID, PLEDGED_MONEY, DATETIME_PLEDGED, TRANSACTION_DATETIME) VALUES ('12','jevans7@purevolume.com','4900','2017-05-04 12:00:11',NULL);
insert into `fundraise`.`FUNDS`(PROJECT_ID, EMAIL_ID, PLEDGED_MONEY, DATETIME_PLEDGED, TRANSACTION_DATETIME) VALUES ('13','psullivan2@nyu.edu','5100','2017-05-05 12:00:12',NULL);
insert into `fundraise`.`FUNDS`(PROJECT_ID, EMAIL_ID, PLEDGED_MONEY, DATETIME_PLEDGED, TRANSACTION_DATETIME) VALUES ('14','psullivan2@nyu.edu','100','2017-05-06 12:00:13',NULL);
insert into `fundraise`.`FUNDS`(PROJECT_ID, EMAIL_ID, PLEDGED_MONEY, DATETIME_PLEDGED, TRANSACTION_DATETIME) VALUES ('7','jevans7@purevolume.com','5200','2017-05-07 12:00:14',NULL);
insert into `fundraise`.`FUNDS`(PROJECT_ID, EMAIL_ID, PLEDGED_MONEY, DATETIME_PLEDGED, TRANSACTION_DATETIME) VALUES ('1','psullivan2@nyu.edu','5300','2017-05-08 12:00:15',NULL);
insert into `fundraise`.`FUNDS`(PROJECT_ID, EMAIL_ID, PLEDGED_MONEY, DATETIME_PLEDGED, TRANSACTION_DATETIME) VALUES ('2','tramos4@home.pl','100','2017-05-09 12:00:16',NULL);
insert into `fundraise`.`FUNDS`(PROJECT_ID, EMAIL_ID, PLEDGED_MONEY, DATETIME_PLEDGED, TRANSACTION_DATETIME) VALUES ('3','tramos4@home.pl','5400','2017-05-10 12:00:17',NULL);
insert into `fundraise`.`FUNDS`(PROJECT_ID, EMAIL_ID, PLEDGED_MONEY, DATETIME_PLEDGED, TRANSACTION_DATETIME) VALUES ('4','tramos4@home.pl','5500','2017-05-11 12:00:18',NULL);
insert into `fundraise`.`FUNDS`(PROJECT_ID, EMAIL_ID, PLEDGED_MONEY, DATETIME_PLEDGED, TRANSACTION_DATETIME) VALUES ('5','clarson1@blog.com','5600','2017-05-12 12:00:19',NULL);

-- RATINGS
-- insert into `fundraise`.`RATINGS`(NUMBER_OF_STARS, DATETIME_POSTED, PROJECT_ID, EMAIL_ID) VALUES ('4.0','2017-05-13 22:58:23','3','jchapman9@wiley.com');
-- insert into `fundraise`.`RATINGS`(NUMBER_OF_STARS, DATETIME_POSTED, PROJECT_ID, EMAIL_ID) VALUES ('4.3','2017-05-15 22:58:23','3','jwashington3@yahoo.co.jp');
-- insert into `fundraise`.`RATINGS`(NUMBER_OF_STARS, DATETIME_POSTED, PROJECT_ID, EMAIL_ID) VALUES ('4.5','2017-05-16 22:58:23','3','lhunt6@zimbio.com');
-- insert into `fundraise`.`RATINGS`(NUMBER_OF_STARS, DATETIME_POSTED, PROJECT_ID, EMAIL_ID) VALUES ('3.7','2017-05-17 22:58:23','3','tramos4@home.pl');
-- insert into `fundraise`.`RATINGS`(NUMBER_OF_STARS, DATETIME_POSTED, PROJECT_ID, EMAIL_ID) VALUES ('5.0','2017-05-13 10:23:54','8','jevans7@purevolume.com');
-- insert into `fundraise`.`RATINGS`(NUMBER_OF_STARS, DATETIME_POSTED, PROJECT_ID, EMAIL_ID) VALUES ('4.7','2017-05-14 10:23:54','8','jwashington3@yahoo.co.jp');
-- insert into `fundraise`.`RATINGS`(NUMBER_OF_STARS, DATETIME_POSTED, PROJECT_ID, EMAIL_ID) VALUES ('4.3','2017-05-15 10:23:54','8','lhunt6@zimbio.com');
-- insert into `fundraise`.`RATINGS`(NUMBER_OF_STARS, DATETIME_POSTED, PROJECT_ID, EMAIL_ID) VALUES ('4.0','2017-05-16 10:23:54','8','clarson1@blog.com');
--
-- insert into `fundraise`.`RATINGS`(NUMBER_OF_STARS, DATETIME_POSTED, PROJECT_ID, EMAIL_ID) VALUES ('4.1','2017-05-16 10:23:24','9','clarson1@blog.com');
-- insert into `fundraise`.`RATINGS`(NUMBER_OF_STARS, DATETIME_POSTED, PROJECT_ID, EMAIL_ID) VALUES ('4.2','2017-05-16 10:23:44','9','jchapman9@wiley.com');
-- insert into `fundraise`.`RATINGS`(NUMBER_OF_STARS, DATETIME_POSTED, PROJECT_ID, EMAIL_ID) VALUES ('4.3','2017-05-16 10:23:34','10','clarson1@blog.com');
-- insert into `fundraise`.`RATINGS`(NUMBER_OF_STARS, DATETIME_POSTED, PROJECT_ID, EMAIL_ID) VALUES ('4.4','2017-05-16 10:23:14','10','jchapman9@wiley.com');
-- insert into `fundraise`.`RATINGS`(NUMBER_OF_STARS, DATETIME_POSTED, PROJECT_ID, EMAIL_ID) VALUES ('4.5','2017-05-16 10:23:54','11','clarson1@blog.com');
-- insert into `fundraise`.`RATINGS`(NUMBER_OF_STARS, DATETIME_POSTED, PROJECT_ID, EMAIL_ID) VALUES ('4.6','2017-05-16 10:23:25','11','jchapman9@wiley.com');
--
-- insert into `fundraise`.`RATINGS`(NUMBER_OF_STARS, DATETIME_POSTED, PROJECT_ID, EMAIL_ID) VALUES ('4.1','2017-05-16 10:23:24','12','clarson1@blog.com');
-- insert into `fundraise`.`RATINGS`(NUMBER_OF_STARS, DATETIME_POSTED, PROJECT_ID, EMAIL_ID) VALUES ('4.2','2017-05-16 10:23:44','12','jchapman9@wiley.com');
-- insert into `fundraise`.`RATINGS`(NUMBER_OF_STARS, DATETIME_POSTED, PROJECT_ID, EMAIL_ID) VALUES ('4.3','2017-05-16 10:23:34','13','clarson1@blog.com');
-- insert into `fundraise`.`RATINGS`(NUMBER_OF_STARS, DATETIME_POSTED, PROJECT_ID, EMAIL_ID) VALUES ('4.4','2017-05-16 10:23:14','13','jchapman9@wiley.com');
-- insert into `fundraise`.`RATINGS`(NUMBER_OF_STARS, DATETIME_POSTED, PROJECT_ID, EMAIL_ID) VALUES ('3.8','2017-05-16 10:23:54','14','clarson1@blog.com');
-- insert into `fundraise`.`RATINGS`(NUMBER_OF_STARS, DATETIME_POSTED, PROJECT_ID, EMAIL_ID) VALUES ('3.1','2017-05-16 10:23:25','14','jchapman9@wiley.com');


-- PROJECT_COMMENTS
INSERT INTO `fundraise`.`PROJECT_COMMENTS`(PROJECT_ID, EMAIL_ID, DESCRIPTION, DATE_TIME_POSTED) VALUES ('1','jevans7@purevolume.com','This is a comment for Project 1!',NOW()+1);
INSERT INTO `fundraise`.`PROJECT_COMMENTS`(PROJECT_ID, EMAIL_ID, DESCRIPTION, DATE_TIME_POSTED) VALUES ('10','jwashington3@yahoo.co.jp','This is a comment for Project 1!',NOW()+2);
INSERT INTO `fundraise`.`PROJECT_COMMENTS`(PROJECT_ID, EMAIL_ID, DESCRIPTION, DATE_TIME_POSTED) VALUES ('2','jchapman9@wiley.com','This is a comment for Project 2!',NOW()+3);
INSERT INTO `fundraise`.`PROJECT_COMMENTS`(PROJECT_ID, EMAIL_ID, DESCRIPTION, DATE_TIME_POSTED) VALUES ('11','lhunt6@zimbio.com','This is a comment for Project 2!',NOW()+4);
INSERT INTO `fundraise`.`PROJECT_COMMENTS`(PROJECT_ID, EMAIL_ID, DESCRIPTION, DATE_TIME_POSTED) VALUES ('3','jevans7@purevolume.com','This is a comment for Project 3!',NOW()+5);
INSERT INTO `fundraise`.`PROJECT_COMMENTS`(PROJECT_ID, EMAIL_ID, DESCRIPTION, DATE_TIME_POSTED) VALUES ('12','psullivan2@nyu.edu','This is a comment for Project 3!',NOW()+6);
INSERT INTO `fundraise`.`PROJECT_COMMENTS`(PROJECT_ID, EMAIL_ID, DESCRIPTION, DATE_TIME_POSTED) VALUES ('4','lhunt6@zimbio.com','This is a comment for Project 4!',NOW()+1);
INSERT INTO `fundraise`.`PROJECT_COMMENTS`(PROJECT_ID, EMAIL_ID, DESCRIPTION, DATE_TIME_POSTED) VALUES ('13','jevans7@purevolume.com','This is a comment for Project 4!',NOW()+2);
INSERT INTO `fundraise`.`PROJECT_COMMENTS`(PROJECT_ID, EMAIL_ID, DESCRIPTION, DATE_TIME_POSTED) VALUES ('5','psullivan2@nyu.edu','This is a comment for Project 5!',NOW()+1);
INSERT INTO `fundraise`.`PROJECT_COMMENTS`(PROJECT_ID, EMAIL_ID, DESCRIPTION, DATE_TIME_POSTED) VALUES ('14','rfowler5@economist.com','This is a comment for Project 5!',NOW()+2);
INSERT INTO `fundraise`.`PROJECT_COMMENTS`(PROJECT_ID, EMAIL_ID, DESCRIPTION, DATE_TIME_POSTED) VALUES ('6','jevans7@purevolume.com','This is a comment for Project 6!',NOW()+1);
INSERT INTO `fundraise`.`PROJECT_COMMENTS`(PROJECT_ID, EMAIL_ID, DESCRIPTION, DATE_TIME_POSTED) VALUES ('9','lhunt6@zimbio.com','This is a comment for Project 6!',NOW()+2);
INSERT INTO `fundraise`.`PROJECT_COMMENTS`(PROJECT_ID, EMAIL_ID, DESCRIPTION, DATE_TIME_POSTED) VALUES ('7','psullivan2@nyu.edu','This is a comment for Project 7!',NOW()+1);
INSERT INTO `fundraise`.`PROJECT_COMMENTS`(PROJECT_ID, EMAIL_ID, DESCRIPTION, DATE_TIME_POSTED) VALUES ('3','jevans7@purevolume.com','This is a comment for Project 7!',NOW()+2);
INSERT INTO `fundraise`.`PROJECT_COMMENTS`(PROJECT_ID, EMAIL_ID, DESCRIPTION, DATE_TIME_POSTED) VALUES ('8','psullivan2@nyu.edu','This is a comment for Project 8!',NOW()+1);
INSERT INTO `fundraise`.`PROJECT_COMMENTS`(PROJECT_ID, EMAIL_ID, DESCRIPTION, DATE_TIME_POSTED) VALUES ('8','rfowler5@economist.com','This is a comment for Project 8!',NOW()+2);

-- PROJECT LIKES
insert into `fundraise`.`PROJECT_LIKES`(PROJECT_ID, EMAIL_ID, DATE_TIME_LIKED) VALUES ('2','clarson1@blog.com',NOW());
insert into `fundraise`.`PROJECT_LIKES`(PROJECT_ID, EMAIL_ID, DATE_TIME_LIKED) VALUES ('3','clarson1@blog.com',NOW());
insert into `fundraise`.`PROJECT_LIKES`(PROJECT_ID, EMAIL_ID, DATE_TIME_LIKED) VALUES ('4','clarson1@blog.com',NOW());
insert into `fundraise`.`PROJECT_LIKES`(PROJECT_ID, EMAIL_ID, DATE_TIME_LIKED) VALUES ('5','clarson1@blog.com',NOW());
insert into `fundraise`.`PROJECT_LIKES`(PROJECT_ID, EMAIL_ID, DATE_TIME_LIKED) VALUES ('6','clarson1@blog.com',NOW());
insert into `fundraise`.`PROJECT_LIKES`(PROJECT_ID, EMAIL_ID, DATE_TIME_LIKED) VALUES ('7','clarson1@blog.com',NOW());
insert into `fundraise`.`PROJECT_LIKES`(PROJECT_ID, EMAIL_ID, DATE_TIME_LIKED) VALUES ('8','clarson1@blog.com',NOW());
insert into `fundraise`.`PROJECT_LIKES`(PROJECT_ID, EMAIL_ID, DATE_TIME_LIKED) VALUES ('1','jchapman9@wiley.com',NOW());
insert into `fundraise`.`PROJECT_LIKES`(PROJECT_ID, EMAIL_ID, DATE_TIME_LIKED) VALUES ('3','jchapman9@wiley.com',NOW());
insert into `fundraise`.`PROJECT_LIKES`(PROJECT_ID, EMAIL_ID, DATE_TIME_LIKED) VALUES ('4','jchapman9@wiley.com',NOW());
insert into `fundraise`.`PROJECT_LIKES`(PROJECT_ID, EMAIL_ID, DATE_TIME_LIKED) VALUES ('5','jchapman9@wiley.com',NOW());
insert into `fundraise`.`PROJECT_LIKES`(PROJECT_ID, EMAIL_ID, DATE_TIME_LIKED) VALUES ('6','jchapman9@wiley.com',NOW());
insert into `fundraise`.`PROJECT_LIKES`(PROJECT_ID, EMAIL_ID, DATE_TIME_LIKED) VALUES ('7','jchapman9@wiley.com',NOW());
insert into `fundraise`.`PROJECT_LIKES`(PROJECT_ID, EMAIL_ID, DATE_TIME_LIKED) VALUES ('8','jchapman9@wiley.com',NOW());
insert into `fundraise`.`PROJECT_LIKES`(PROJECT_ID, EMAIL_ID, DATE_TIME_LIKED) VALUES ('1','jwashington3@yahoo.co.jp',NOW());
insert into `fundraise`.`PROJECT_LIKES`(PROJECT_ID, EMAIL_ID, DATE_TIME_LIKED) VALUES ('8','jwashington3@yahoo.co.jp',NOW());
insert into `fundraise`.`PROJECT_LIKES`(PROJECT_ID, EMAIL_ID, DATE_TIME_LIKED) VALUES ('9','jwashington3@yahoo.co.jp',NOW());
insert into `fundraise`.`PROJECT_LIKES`(PROJECT_ID, EMAIL_ID, DATE_TIME_LIKED) VALUES ('4','jwashington3@yahoo.co.jp',NOW());
insert into `fundraise`.`PROJECT_LIKES`(PROJECT_ID, EMAIL_ID, DATE_TIME_LIKED) VALUES ('10','jwashington3@yahoo.co.jp',NOW());
insert into `fundraise`.`PROJECT_LIKES`(PROJECT_ID, EMAIL_ID, DATE_TIME_LIKED) VALUES ('6','jwashington3@yahoo.co.jp',NOW());
insert into `fundraise`.`PROJECT_LIKES`(PROJECT_ID, EMAIL_ID, DATE_TIME_LIKED) VALUES ('11','jwashington3@yahoo.co.jp',NOW());
insert into `fundraise`.`PROJECT_LIKES`(PROJECT_ID, EMAIL_ID, DATE_TIME_LIKED) VALUES ('12','jwashington3@yahoo.co.jp',NOW());
insert into `fundraise`.`PROJECT_LIKES`(PROJECT_ID, EMAIL_ID, DATE_TIME_LIKED) VALUES ('1','rfowler5@economist.com',NOW());
insert into `fundraise`.`PROJECT_LIKES`(PROJECT_ID, EMAIL_ID, DATE_TIME_LIKED) VALUES ('2','rfowler5@economist.com',NOW());
insert into `fundraise`.`PROJECT_LIKES`(PROJECT_ID, EMAIL_ID, DATE_TIME_LIKED) VALUES ('12','rfowler5@economist.com',NOW());
insert into `fundraise`.`PROJECT_LIKES`(PROJECT_ID, EMAIL_ID, DATE_TIME_LIKED) VALUES ('4','rfowler5@economist.com',NOW());
insert into `fundraise`.`PROJECT_LIKES`(PROJECT_ID, EMAIL_ID, DATE_TIME_LIKED) VALUES ('5','rfowler5@economist.com',NOW());
insert into `fundraise`.`PROJECT_LIKES`(PROJECT_ID, EMAIL_ID, DATE_TIME_LIKED) VALUES ('13','rfowler5@economist.com',NOW());
insert into `fundraise`.`PROJECT_LIKES`(PROJECT_ID, EMAIL_ID, DATE_TIME_LIKED) VALUES ('7','rfowler5@economist.com',NOW());
insert into `fundraise`.`PROJECT_LIKES`(PROJECT_ID, EMAIL_ID, DATE_TIME_LIKED) VALUES ('1','lscott8@theatlantic.com',NOW());
insert into `fundraise`.`PROJECT_LIKES`(PROJECT_ID, EMAIL_ID, DATE_TIME_LIKED) VALUES ('13','lscott8@theatlantic.com',NOW());
insert into `fundraise`.`PROJECT_LIKES`(PROJECT_ID, EMAIL_ID, DATE_TIME_LIKED) VALUES ('3','lscott8@theatlantic.com',NOW());
insert into `fundraise`.`PROJECT_LIKES`(PROJECT_ID, EMAIL_ID, DATE_TIME_LIKED) VALUES ('4','lscott8@theatlantic.com',NOW());
insert into `fundraise`.`PROJECT_LIKES`(PROJECT_ID, EMAIL_ID, DATE_TIME_LIKED) VALUES ('13','tramos4@home.pl',NOW());
insert into `fundraise`.`PROJECT_LIKES`(PROJECT_ID, EMAIL_ID, DATE_TIME_LIKED) VALUES ('6','tramos4@home.pl',NOW());
insert into `fundraise`.`PROJECT_LIKES`(PROJECT_ID, EMAIL_ID, DATE_TIME_LIKED) VALUES ('7','lscott8@theatlantic.com',NOW());
insert into `fundraise`.`PROJECT_LIKES`(PROJECT_ID, EMAIL_ID, DATE_TIME_LIKED) VALUES ('8','lscott8@theatlantic.com',NOW());
insert into `fundraise`.`PROJECT_LIKES`(PROJECT_ID, EMAIL_ID, DATE_TIME_LIKED) VALUES ('14','tramos4@home.pl',NOW());
insert into `fundraise`.`PROJECT_LIKES`(PROJECT_ID, EMAIL_ID, DATE_TIME_LIKED) VALUES ('2','tramos4@home.pl',NOW());
insert into `fundraise`.`PROJECT_LIKES`(PROJECT_ID, EMAIL_ID, DATE_TIME_LIKED) VALUES ('3','tramos4@home.pl',NOW());
insert into `fundraise`.`PROJECT_LIKES`(PROJECT_ID, EMAIL_ID, DATE_TIME_LIKED) VALUES ('12','tramos4@home.pl',NOW());
insert into `fundraise`.`PROJECT_LIKES`(PROJECT_ID, EMAIL_ID, DATE_TIME_LIKED) VALUES ('1','lhunt6@zimbio.com',NOW());
insert into `fundraise`.`PROJECT_LIKES`(PROJECT_ID, EMAIL_ID, DATE_TIME_LIKED) VALUES ('2','lhunt6@zimbio.com',NOW());

-- POST
INSERT INTO `fundraise`.`POST` (POST_ID, PROJECT_ID, EMAIL_ID, DESCRIPTION, DATE_TIME_POSTED, MULTIMEDIA, TYPE) VALUES ('1', '1', 'clarson1@blog.com', 'This is Test Post 1', '2017-03-17 10:23:54',NULL,NULL);
INSERT INTO `fundraise`.`POST` (POST_ID, PROJECT_ID, EMAIL_ID, DESCRIPTION, DATE_TIME_POSTED, MULTIMEDIA, TYPE) VALUES ('2', '2', 'lhunt6@zimbio.com', 'This is Test Post 4', '2017-02-11 14:00:00',NULL,NULL);
INSERT INTO `fundraise`.`POST` (POST_ID, PROJECT_ID, EMAIL_ID, DESCRIPTION, DATE_TIME_POSTED, MULTIMEDIA, TYPE) VALUES ('3', '1', 'jchapman9@wiley.com', 'This is Test Post 2', '2017-04-17 11:24:00',NULL,NULL);
INSERT INTO `fundraise`.`POST` (POST_ID, PROJECT_ID, EMAIL_ID, DESCRIPTION, DATE_TIME_POSTED, MULTIMEDIA, TYPE) VALUES ('4', '3', 'jevans7@purevolume.com', 'This is Test Post 7', '2017-01-11 14:00:00',NULL,NULL);
INSERT INTO `fundraise`.`POST` (POST_ID, PROJECT_ID, EMAIL_ID, DESCRIPTION, DATE_TIME_POSTED, MULTIMEDIA, TYPE) VALUES ('5', '4', 'lscott8@theatlantic.com', 'This is Test Post 9', '2017-04-12 13:40:00',NULL,NULL);
INSERT INTO `fundraise`.`POST` (POST_ID, PROJECT_ID, EMAIL_ID, DESCRIPTION, DATE_TIME_POSTED, MULTIMEDIA, TYPE) VALUES ('6', '2', 'clarson1@blog.com', 'This is Test Post 5', '2017-02-12',NULL,NULL);
INSERT INTO `fundraise`.`POST` (POST_ID, PROJECT_ID, EMAIL_ID, DESCRIPTION, DATE_TIME_POSTED, MULTIMEDIA, TYPE) VALUES ('7', '5', 'jevans7@purevolume.com', 'This is Test Post 12', '2017-03-13',NULL,NULL);
INSERT INTO `fundraise`.`POST` (POST_ID, PROJECT_ID, EMAIL_ID, DESCRIPTION, DATE_TIME_POSTED, MULTIMEDIA, TYPE) VALUES ('8', '4', 'jchapman9@wiley.com', 'This is Test Post 10', '2017-04-12 13:45:00',NULL,NULL);
INSERT INTO `fundraise`.`POST` (POST_ID, PROJECT_ID, EMAIL_ID, DESCRIPTION, DATE_TIME_POSTED, MULTIMEDIA, TYPE) VALUES ('9', '6', 'rfowler5@economist.com', 'This is Test Post 13', '2017-02-12 13:40:20',NULL,NULL);
INSERT INTO `fundraise`.`POST` (POST_ID, PROJECT_ID, EMAIL_ID, DESCRIPTION, DATE_TIME_POSTED, MULTIMEDIA, TYPE) VALUES ('10', '1', 'jevans7@purevolume.com', 'This is Test Post 3', '2017-04-17 13:23:54',NULL,NULL);
INSERT INTO `fundraise`.`POST` (POST_ID, PROJECT_ID, EMAIL_ID, DESCRIPTION, DATE_TIME_POSTED, MULTIMEDIA, TYPE) VALUES ('11', '7', 'tramos4@home.pl', 'This is Test Post 15', '2017-01-13',NULL,NULL);
INSERT INTO `fundraise`.`POST` (POST_ID, PROJECT_ID, EMAIL_ID, DESCRIPTION, DATE_TIME_POSTED, MULTIMEDIA, TYPE) VALUES ('12', '8', 'tramos4@home.pl', 'This is Test Post 17', '2017-04-12 13:50:00',NULL,NULL);
INSERT INTO `fundraise`.`POST` (POST_ID, PROJECT_ID, EMAIL_ID, DESCRIPTION, DATE_TIME_POSTED, MULTIMEDIA, TYPE) VALUES ('13', '6', 'tbanks0@state.tx.us', 'This is Test Post 14', '2017-02-12 15:30:50',NULL,NULL);
INSERT INTO `fundraise`.`POST` (POST_ID, PROJECT_ID, EMAIL_ID, DESCRIPTION, DATE_TIME_POSTED, MULTIMEDIA, TYPE) VALUES ('14', '7', 'psullivan2@nyu.edu', 'This is Test Post 16', '2017-01-13 13:07:34',NULL,NULL);
INSERT INTO `fundraise`.`POST` (POST_ID, PROJECT_ID, EMAIL_ID, DESCRIPTION, DATE_TIME_POSTED, MULTIMEDIA, TYPE) VALUES ('15', '8', 'rfowler5@economist.com', 'This is Test Post 18', '2017-04-12 14:00:00',NULL,NULL);
INSERT INTO `fundraise`.`POST` (POST_ID, PROJECT_ID, EMAIL_ID, DESCRIPTION, DATE_TIME_POSTED, MULTIMEDIA, TYPE) VALUES ('16', '5', 'clarson1@blog.com', 'This is Test Post 11', '2017-03-14',NULL,NULL);
INSERT INTO `fundraise`.`POST` (POST_ID, PROJECT_ID, EMAIL_ID, DESCRIPTION, DATE_TIME_POSTED, MULTIMEDIA, TYPE) VALUES ('17', '2', 'lhunt6@zimbio.com', 'This is Test Post 6', '2017-02-12 11:50:00',NULL,NULL);
INSERT INTO `fundraise`.`POST` (POST_ID, PROJECT_ID, EMAIL_ID, DESCRIPTION, DATE_TIME_POSTED, MULTIMEDIA, TYPE) VALUES ('18', '3', 'lscott8@theatlantic.com', 'This is Test Post 8', '2017-02-21 13:00:47',NULL,NULL);

-- POST_LIKES
INSERT INTO `fundraise`.`POST_LIKES` (`POST_ID`, `EMAIL_ID`, `DATE_TIME_LIKED`) VALUES ('1', 'clarson1@blog.com',NOW());
INSERT INTO `fundraise`.`POST_LIKES` (`POST_ID`, `EMAIL_ID`, `DATE_TIME_LIKED`) VALUES ('2', 'clarson1@blog.com',NOW());
INSERT INTO `fundraise`.`POST_LIKES` (`POST_ID`, `EMAIL_ID`, `DATE_TIME_LIKED`) VALUES ('3', 'clarson1@blog.com',NOW());
INSERT INTO `fundraise`.`POST_LIKES` (`POST_ID`, `EMAIL_ID`, `DATE_TIME_LIKED`) VALUES ('4', 'clarson1@blog.com',NOW());
INSERT INTO `fundraise`.`POST_LIKES` (`POST_ID`, `EMAIL_ID`, `DATE_TIME_LIKED`) VALUES ('5', 'clarson1@blog.com',NOW());
INSERT INTO `fundraise`.`POST_LIKES` (`POST_ID`, `EMAIL_ID`, `DATE_TIME_LIKED`) VALUES ('6', 'clarson1@blog.com',NOW());
INSERT INTO `fundraise`.`POST_LIKES` (`POST_ID`, `EMAIL_ID`, `DATE_TIME_LIKED`) VALUES ('7', 'clarson1@blog.com',NOW());
INSERT INTO `fundraise`.`POST_LIKES` (`POST_ID`, `EMAIL_ID`, `DATE_TIME_LIKED`) VALUES ('8', 'lhunt6@zimbio.com',NOW());
INSERT INTO `fundraise`.`POST_LIKES` (`POST_ID`, `EMAIL_ID`, `DATE_TIME_LIKED`) VALUES ('9', 'clarson1@blog.com',NOW());
INSERT INTO `fundraise`.`POST_LIKES` (`POST_ID`, `EMAIL_ID`, `DATE_TIME_LIKED`) VALUES ('10', 'clarson1@blog.com',NOW()+1);
INSERT INTO `fundraise`.`POST_LIKES` (`POST_ID`, `EMAIL_ID`, `DATE_TIME_LIKED`) VALUES ('11', 'clarson1@blog.com',NOW());
INSERT INTO `fundraise`.`POST_LIKES` (`POST_ID`, `EMAIL_ID`, `DATE_TIME_LIKED`) VALUES ('12', 'jwashington3@yahoo.co.jp',NOW());
INSERT INTO `fundraise`.`POST_LIKES` (`POST_ID`, `EMAIL_ID`, `DATE_TIME_LIKED`) VALUES ('13', 'lhunt6@zimbio.com',NOW());
INSERT INTO `fundraise`.`POST_LIKES` (`POST_ID`, `EMAIL_ID`, `DATE_TIME_LIKED`) VALUES ('14', 'jevans7@purevolume.com',NOW());
INSERT INTO `fundraise`.`POST_LIKES` (`POST_ID`, `EMAIL_ID`, `DATE_TIME_LIKED`) VALUES ('15', 'jchapman9@wiley.com',NOW());
INSERT INTO `fundraise`.`POST_LIKES` (`POST_ID`, `EMAIL_ID`, `DATE_TIME_LIKED`) VALUES ('1', 'jchapman9@wiley.com',NOW());
INSERT INTO `fundraise`.`POST_LIKES` (`POST_ID`, `EMAIL_ID`, `DATE_TIME_LIKED`) VALUES ('2', 'jwashington3@yahoo.co.jp',NOW());
INSERT INTO `fundraise`.`POST_LIKES` (`POST_ID`, `EMAIL_ID`, `DATE_TIME_LIKED`) VALUES ('3', 'jchapman9@wiley.com',NOW());
INSERT INTO `fundraise`.`POST_LIKES` (`POST_ID`, `EMAIL_ID`, `DATE_TIME_LIKED`) VALUES ('4', 'tbanks0@state.tx.us',NOW());
INSERT INTO `fundraise`.`POST_LIKES` (`POST_ID`, `EMAIL_ID`, `DATE_TIME_LIKED`) VALUES ('1', 'jevans7@purevolume.com',NOW());
INSERT INTO `fundraise`.`POST_LIKES` (`POST_ID`, `EMAIL_ID`, `DATE_TIME_LIKED`) VALUES ('1', 'jwashington3@yahoo.co.jp',NOW());
INSERT INTO `fundraise`.`POST_LIKES` (`POST_ID`, `EMAIL_ID`, `DATE_TIME_LIKED`) VALUES ('1', 'psullivan2@nyu.edu',NOW());
INSERT INTO `fundraise`.`POST_LIKES` (`POST_ID`, `EMAIL_ID`, `DATE_TIME_LIKED`) VALUES ('1', 'lscott8@theatlantic.com',NOW());
INSERT INTO `fundraise`.`POST_LIKES` (`POST_ID`, `EMAIL_ID`, `DATE_TIME_LIKED`) VALUES ('1', 'lhunt6@zimbio.com',NOW());
INSERT INTO `fundraise`.`POST_LIKES` (`POST_ID`, `EMAIL_ID`, `DATE_TIME_LIKED`) VALUES ('2', 'lscott8@theatlantic.com',NOW());
INSERT INTO `fundraise`.`POST_LIKES` (`POST_ID`, `EMAIL_ID`, `DATE_TIME_LIKED`) VALUES ('3', 'jwashington3@yahoo.co.jp',NOW());
INSERT INTO `fundraise`.`POST_LIKES` (`POST_ID`, `EMAIL_ID`, `DATE_TIME_LIKED`) VALUES ('4', 'psullivan2@nyu.edu',NOW());
INSERT INTO `fundraise`.`POST_LIKES` (`POST_ID`, `EMAIL_ID`, `DATE_TIME_LIKED`) VALUES ('18', 'jevans7@purevolume.com',NOW());
INSERT INTO `fundraise`.`POST_LIKES` (`POST_ID`, `EMAIL_ID`, `DATE_TIME_LIKED`) VALUES ('6', 'jchapman9@wiley.com',NOW());
INSERT INTO `fundraise`.`POST_LIKES` (`POST_ID`, `EMAIL_ID`, `DATE_TIME_LIKED`) VALUES ('15', 'clarson1@blog.com',NOW());
INSERT INTO `fundraise`.`POST_LIKES` (`POST_ID`, `EMAIL_ID`, `DATE_TIME_LIKED`) VALUES ('12', 'clarson1@blog.com',NOW());
INSERT INTO `fundraise`.`POST_LIKES` (`POST_ID`, `EMAIL_ID`, `DATE_TIME_LIKED`) VALUES ('3', 'psullivan2@nyu.edu',NOW());
INSERT INTO `fundraise`.`POST_LIKES` (`POST_ID`, `EMAIL_ID`, `DATE_TIME_LIKED`) VALUES ('14', 'clarson1@blog.com',NOW());
INSERT INTO `fundraise`.`POST_LIKES` (`POST_ID`, `EMAIL_ID`, `DATE_TIME_LIKED`) VALUES ('4', 'lscott8@theatlantic.com',NOW());
INSERT INTO `fundraise`.`POST_LIKES` (`POST_ID`, `EMAIL_ID`, `DATE_TIME_LIKED`) VALUES ('5', 'jevans7@purevolume.com',NOW());
INSERT INTO `fundraise`.`POST_LIKES` (`POST_ID`, `EMAIL_ID`, `DATE_TIME_LIKED`) VALUES ('6', 'jwashington3@yahoo.co.jp',NOW());
INSERT INTO `fundraise`.`POST_LIKES` (`POST_ID`, `EMAIL_ID`, `DATE_TIME_LIKED`) VALUES ('8', 'clarson1@blog.com',NOW());
INSERT INTO `fundraise`.`POST_LIKES` (`POST_ID`, `EMAIL_ID`, `DATE_TIME_LIKED`) VALUES ('10', 'jevans7@purevolume.com','2017-03-17 15:25:54');
INSERT INTO `fundraise`.`POST_LIKES` (`POST_ID`, `EMAIL_ID`, `DATE_TIME_LIKED`) VALUES ('11', 'jchapman9@wiley.com',NOW());
INSERT INTO `fundraise`.`POST_LIKES` (`POST_ID`, `EMAIL_ID`, `DATE_TIME_LIKED`) VALUES ('13', 'clarson1@blog.com',NOW());


-- POST COMMENTS
INSERT INTO `fundraise`.`POST_COMMENTS`(POST_ID, EMAIL_ID, DESCRIPTION, DATE_TIME_POSTED) VALUES ('1','jevans7@purevolume.com','This is a comment for Post 1!',NOW()+1);
INSERT INTO `fundraise`.`POST_COMMENTS`(POST_ID, EMAIL_ID, DESCRIPTION, DATE_TIME_POSTED) VALUES ('1','jwashington3@yahoo.co.jp','This is a comment for Post 1!',NOW()+2);
INSERT INTO `fundraise`.`POST_COMMENTS`(POST_ID, EMAIL_ID, DESCRIPTION, DATE_TIME_POSTED) VALUES ('2','jchapman9@wiley.com','This is a comment for Post 2!',NOW()+3);
INSERT INTO `fundraise`.`POST_COMMENTS`(POST_ID, EMAIL_ID, DESCRIPTION, DATE_TIME_POSTED) VALUES ('2','lhunt6@zimbio.com','This is a comment for Post 2!',NOW()+4);
INSERT INTO `fundraise`.`POST_COMMENTS`(POST_ID, EMAIL_ID, DESCRIPTION, DATE_TIME_POSTED) VALUES ('3','jevans7@purevolume.com','This is a comment for Post 3!',NOW()+5);
INSERT INTO `fundraise`.`POST_COMMENTS`(POST_ID, EMAIL_ID, DESCRIPTION, DATE_TIME_POSTED) VALUES ('3','psullivan2@nyu.edu','This is a comment for Post 3!',NOW()+6);
INSERT INTO `fundraise`.`POST_COMMENTS`(POST_ID, EMAIL_ID, DESCRIPTION, DATE_TIME_POSTED) VALUES ('4','lhunt6@zimbio.com','This is a comment for Post 4!',NOW()+1);
INSERT INTO `fundraise`.`POST_COMMENTS`(POST_ID, EMAIL_ID, DESCRIPTION, DATE_TIME_POSTED) VALUES ('4','jevans7@purevolume.com','This is a comment for Post 4!',NOW()+2);
INSERT INTO `fundraise`.`POST_COMMENTS`(POST_ID, EMAIL_ID, DESCRIPTION, DATE_TIME_POSTED) VALUES ('5','psullivan2@nyu.edu','This is a comment for Post 5!',NOW()+1);
INSERT INTO `fundraise`.`POST_COMMENTS`(POST_ID, EMAIL_ID, DESCRIPTION, DATE_TIME_POSTED) VALUES ('5','rfowler5@economist.com','This is a comment for Post 5!',NOW()+2);
INSERT INTO `fundraise`.`POST_COMMENTS`(POST_ID, EMAIL_ID, DESCRIPTION, DATE_TIME_POSTED) VALUES ('6','jevans7@purevolume.com','This is a comment for Post 6!',NOW()+1);
INSERT INTO `fundraise`.`POST_COMMENTS`(POST_ID, EMAIL_ID, DESCRIPTION, DATE_TIME_POSTED) VALUES ('6','lhunt6@zimbio.com','This is a comment for Post 6!',NOW()+2);
INSERT INTO `fundraise`.`POST_COMMENTS`(POST_ID, EMAIL_ID, DESCRIPTION, DATE_TIME_POSTED) VALUES ('7','psullivan2@nyu.edu','This is a comment for Post 7!',NOW()+1);
INSERT INTO `fundraise`.`POST_COMMENTS`(POST_ID, EMAIL_ID, DESCRIPTION, DATE_TIME_POSTED) VALUES ('7','jevans7@purevolume.com','This is a comment for Post 7!',NOW()+2);
INSERT INTO `fundraise`.`POST_COMMENTS`(POST_ID, EMAIL_ID, DESCRIPTION, DATE_TIME_POSTED) VALUES ('8','psullivan2@nyu.edu','This is a comment for Post 8!',NOW()+1);
INSERT INTO `fundraise`.`POST_COMMENTS`(POST_ID, EMAIL_ID, DESCRIPTION, DATE_TIME_POSTED) VALUES ('8','rfowler5@economist.com','This is a comment for Post 8!',NOW()+2);


